0.0,0.1,0.05,0.05,0.1,0.0,0.0,0.0,9.7,39.475,84.2,160.725,204.1,510.3
0.0,0.1,0.05,0.1,0.1,0.1,0.1,0.0,9.7,39.475,84.2,160.725,204.1,510.3
0.1,0.1,0.05,0.05,0.1,0.0,0.0,0.0,9.7,39.475,84.2,160.725,204.1,510.3
0.1,0.1,0.05,0.05,0.1,0.1,0.1,0.0,9.7,39.475,84.2,160.725,204.1,510.3
0.0,0.1,0.0,0.1,0.0,0.1,0.1,0.0,9.7,39.475,84.2,160.725,204.1,510.3
0.1,0.1,0.05,0.1,0.0,0.0,0.1,0.0,9.7,39.475,84.2,160.725,204.1,510.3
0.0,0.0,0.0,0.1,0.1,0.0,0.1,0.0,9.7,39.475,84.2,160.725,204.1,510.3
0.0,0.0,0.05,0.1,0.1,0.1,0.0,0.0,9.7,39.475,84.2,160.725,204.1,510.3
0.05,0.1,0.0,0.05,0.1,0.1,0.0,0.0,9.7,39.475,84.2,160.725,204.1,510.3
0.05,0.05,0.0,0.1,0.1,0.0,0.1,0.0,9.7,39.475,84.2,160.725,204.1,510.3
0.05,0.05,0.0,0.05,0.0,0.05,0.0,0.0,9.7,39.475,84.2,160.725,204.1,510.3
0.05,0.1,0.0,0.1,0.0,0.1,0.0,0.0,9.7,39.475,84.2,160.725,204.1,510.3
0.0,0.05,0.0,0.1,0.05,0.1,0.0,0.0,9.7,39.475,84.2,160.725,204.1,510.3
0.0,0.05,0.0,0.1,0.05,0.05,0.05,0.0,9.7,39.475,84.2,160.725,204.1,510.3
0.0,0.1,0.0,0.0,0.0,0.0,0.05,0.0,9.7,39.475,84.2,160.725,204.1,510.3
0.05,0.0,0.0,0.0,0.05,0.1,0.05,0.0,9.7,39.475,84.2,160.725,204.1,510.3
0.05,0.0,0.05,0.05,0.1,0.1,0.05,0.0,9.7,39.475,84.2,160.725,204.1,510.3
0.0,0.1,0.1,0.05,0.1,0.0,0.1,0.0,9.7,39.475,84.2,160.725,204.1,510.3
0.1,0.1,0.0,0.0,0.0,0.05,0.1,0.0,9.7,39.475,84.2,160.725,204.1,510.3
0.05,0.05,0.1,0.1,0.0,0.05,0.1,0.0,9.7,39.475,84.2,160.725,204.1,510.3
0.0,0.0,0.05,0.1,0.0,0.0,0.0,0.0,9.7,39.475,84.2,160.725,204.1,510.3
0.1,0.0,0.1,0.05,0.0,0.1,0.0,0.0,9.7,39.475,84.2,160.725,204.1,510.3
0.05,0.0,0.1,0.05,0.0,0.1,0.05,0.0,9.7,39.475,84.2,160.725,204.1,510.3
0.05,0.0,0.0,0.1,0.1,0.05,0.05,0.0,9.7,39.475,84.2,160.725,204.1,510.3
0.05,0.0,0.0,0.1,0.0,0.0,0.1,0.0,9.7,39.475,84.2,160.725,204.1,510.3
0.1,0.1,0.1,0.1,0.0,0.0,0.1,0.0,9.7,39.475,84.2,160.725,204.1,510.3
0.1,0.1,0.05,0.05,0.0,0.1,0.1,0.0,9.7,39.475,84.2,160.725,204.1,510.3
0.05,0.0,0.05,0.1,0.0,0.1,0.1,0.0,9.7,39.475,84.2,160.725,204.1,510.3
0.05,0.0,0.1,0.1,0.0,0.1,0.1,0.0,9.7,39.475,84.2,160.725,204.1,510.3
0.05,0.0,0.05,0.1,0.1,0.1,0.1,0.0,9.7,39.475,84.2,160.725,204.1,510.3
0.05,0.0,0.0,0.1,0.0,0.0,0.0,0.0,9.7,39.475,84.2,160.725,204.1,510.3
0.05,0.05,0.0,0.05,0.0,0.0,0.1,0.0,9.7,39.475,84.2,160.725,204.1,510.3
0.05,0.05,0.0,0.05,0.05,0.0,0.1,0.0,9.7,39.475,84.2,160.725,204.1,510.3
0.05,0.05,0.0,0.0,0.1,0.1,0.1,0.0,9.7,39.475,84.2,160.725,204.1,510.3
0.1,0.0,0.1,0.0,0.0,0.05,0.05,0.0,9.7,39.475,84.2,160.725,204.1,510.3
0.1,0.1,0.1,0.0,0.05,0.0,0.1,0.0,9.7,39.475,84.2,160.725,204.1,510.3
0.1,0.1,0.0,0.1,0.1,0.1,0.0,0.0,9.7,39.475,84.2,160.725,204.1,510.3
0.1,0.1,0.0,0.1,0.1,0.1,0.0,0.0,9.7,39.475,84.2,160.725,204.1,510.3
0.1,0.1,0.1,0.1,0.1,0.05,0.1,0.0,9.7,39.475,84.2,160.725,204.1,510.3
0.05,0.05,0.05,0.05,0.05,0.0,0.1,0.0,9.7,39.475,84.2,160.725,204.1,510.3
0.0,0.1,0.05,0.05,0.1,0.0,0.0,0.0,9.7,39.475,84.2,160.725,204.1,510.3
0.0,0.1,0.05,0.1,0.1,0.1,0.1,0.0,9.7,39.475,84.2,160.725,204.1,510.3
0.1,0.1,0.05,0.05,0.1,0.0,0.0,0.0,9.7,39.475,84.2,160.725,204.1,510.3
0.1,0.1,0.05,0.05,0.1,0.1,0.1,0.0,9.7,39.475,84.2,160.725,204.1,510.3
0.0,0.1,0.0,0.1,0.0,0.1,0.1,0.0,9.7,39.475,84.2,160.725,204.1,510.3
0.1,0.1,0.05,0.1,0.0,0.0,0.1,0.0,9.7,39.475,84.2,160.725,204.1,510.3
0.0,0.0,0.0,0.1,0.1,0.0,0.1,0.0,9.7,39.475,84.2,160.725,204.1,510.3
0.0,0.0,0.05,0.1,0.1,0.1,0.0,0.0,9.7,39.475,84.2,160.725,204.1,510.3
0.05,0.1,0.0,0.05,0.1,0.1,0.0,0.0,9.7,39.475,84.2,160.725,204.1,510.3
0.05,0.05,0.0,0.1,0.1,0.0,0.1,0.0,9.7,39.475,84.2,160.725,204.1,510.3
0.05,0.05,0.0,0.05,0.0,0.05,0.0,0.0,9.7,39.475,84.2,160.725,204.1,510.3
0.05,0.1,0.0,0.1,0.0,0.1,0.0,0.0,9.7,39.475,84.2,160.725,204.1,510.3
0.0,0.05,0.0,0.1,0.05,0.1,0.0,0.0,9.7,39.475,84.2,160.725,204.1,510.3
0.0,0.05,0.0,0.1,0.05,0.05,0.05,0.0,9.7,39.475,84.2,160.725,204.1,510.3
0.0,0.1,0.0,0.0,0.0,0.0,0.05,0.0,9.7,39.475,84.2,160.725,204.1,510.3
0.05,0.0,0.0,0.0,0.05,0.1,0.05,0.0,9.7,39.475,84.2,160.725,204.1,510.3
0.05,0.0,0.05,0.05,0.1,0.1,0.05,0.0,9.7,39.475,84.2,160.725,204.1,510.3
0.0,0.1,0.1,0.05,0.1,0.0,0.1,0.0,9.7,39.475,84.2,160.725,204.1,510.3
0.1,0.1,0.0,0.0,0.0,0.05,0.1,0.0,9.7,39.475,84.2,160.725,204.1,510.3
0.05,0.05,0.1,0.1,0.0,0.05,0.1,0.0,9.7,39.475,84.2,160.725,204.1,510.3
0.0,0.0,0.05,0.1,0.0,0.0,0.0,0.0,9.7,39.475,84.2,160.725,204.1,510.3
0.1,0.0,0.1,0.05,0.0,0.1,0.0,0.0,9.7,39.475,84.2,160.725,204.1,510.3
0.05,0.0,0.1,0.05,0.0,0.1,0.05,0.0,9.7,39.475,84.2,160.725,204.1,510.3
0.05,0.0,0.0,0.1,0.1,0.05,0.05,0.0,9.7,39.475,84.2,160.725,204.1,510.3
0.05,0.0,0.0,0.1,0.0,0.0,0.1,0.0,9.7,39.475,84.2,160.725,204.1,510.3
0.1,0.1,0.1,0.1,0.0,0.0,0.1,0.0,9.7,39.475,84.2,160.725,204.1,510.3
0.1,0.1,0.05,0.05,0.0,0.1,0.1,0.0,9.7,39.475,84.2,160.725,204.1,510.3
0.05,0.0,0.05,0.1,0.0,0.1,0.1,0.0,9.7,39.475,84.2,160.725,204.1,510.3
0.05,0.0,0.1,0.1,0.0,0.1,0.1,0.0,9.7,39.475,84.2,160.725,204.1,510.3
0.05,0.0,0.05,0.1,0.1,0.1,0.1,0.0,9.7,39.475,84.2,160.725,204.1,510.3
0.05,0.0,0.0,0.1,0.0,0.0,0.0,0.0,9.7,39.475,84.2,160.725,204.1,510.3
0.05,0.05,0.0,0.05,0.0,0.0,0.1,0.0,9.7,39.475,84.2,160.725,204.1,510.3
0.05,0.05,0.0,0.05,0.05,0.0,0.1,0.0,9.7,39.475,84.2,160.725,204.1,510.3
0.05,0.05,0.0,0.0,0.1,0.1,0.1,0.0,9.7,39.475,84.2,160.725,204.1,510.3
0.1,0.0,0.1,0.0,0.0,0.05,0.05,0.0,9.7,39.475,84.2,160.725,204.1,510.3
0.1,0.1,0.1,0.0,0.05,0.0,0.1,0.0,9.7,39.475,84.2,160.725,204.1,510.3
0.1,0.1,0.0,0.1,0.1,0.1,0.0,0.0,9.7,39.475,84.2,160.725,204.1,510.3
0.1,0.1,0.0,0.1,0.1,0.1,0.0,0.0,9.7,39.475,84.2,160.725,204.1,510.3
0.1,0.1,0.1,0.1,0.1,0.05,0.1,0.0,9.7,39.475,84.2,160.725,204.1,510.3
0.05,0.05,0.05,0.05,0.05,0.0,0.1,0.0,9.7,39.475,84.2,160.725,204.1,510.3
0.05,0.05,0.05,0.0,0.05,0.0,0.0,0.0,9.7,39.475,84.2,160.725,204.1,510.3
0.1,0.05,0.0,0.05,0.05,0.1,0.0,0.0,9.7,39.475,84.2,160.725,204.1,510.3
0.1,0.05,0.0,0.0,0.05,0.1,0.1,0.0,9.7,39.475,84.2,160.725,204.1,510.3
0.05,0.0,0.0,0.1,0.05,0.0,0.1,0.0,9.7,39.475,84.2,160.725,204.1,510.3
0.05,0.0,0.0,0.05,0.1,0.1,0.0,0.0,9.7,39.475,84.2,160.725,204.1,510.3
0.1,0.1,0.05,0.0,0.1,0.0,0.0,0.0,9.7,39.475,84.2,160.725,204.1,510.3
0.05,0.0,0.1,0.0,0.1,0.05,0.05,0.0,9.7,39.475,84.2,160.725,204.1,510.3
0.1,0.0,0.0,0.0,0.05,0.0,0.05,0.0,9.7,39.475,84.2,160.725,204.1,510.3
0.0,0.0,0.05,0.05,0.0,0.05,0.05,0.0,9.7,39.475,84.2,160.725,204.1,510.3
0.1,0.0,0.05,0.05,0.0,0.0,0.05,0.0,9.7,39.475,84.2,160.725,204.1,510.3
0.1,0.1,0.05,0.0,0.0,0.05,0.1,0.0,9.7,39.475,84.2,160.725,204.1,510.3
0.0,0.1,0.05,0.0,0.0,0.05,0.05,0.0,9.7,39.475,84.2,160.725,204.1,510.3
0.0,0.0,0.05,0.0,0.0,0.0,0.05,0.0,9.7,39.475,84.2,160.725,204.1,510.3
0.0,0.1,0.05,0.0,0.1,0.1,0.0,0.0,9.7,39.475,84.2,160.725,204.1,510.3
0.05,0.1,0.05,0.0,0.1,0.1,0.0,0.0,9.7,39.475,84.2,160.725,204.1,510.3
0.0,0.0,0.05,0.1,0.0,0.1,0.0,0.0,9.7,39.475,84.2,160.725,204.1,510.3
0.0,0.05,0.0,0.1,0.1,0.0,0.1,0.0,9.7,39.475,84.2,160.725,204.1,510.3
0.1,0.05,0.0,0.1,0.05,0.05,0.1,0.0,9.7,39.475,84.2,160.725,204.1,510.3
0.1,0.05,0.1,0.1,0.05,0.05,0.1,0.0,9.7,39.475,84.2,160.725,204.1,510.3
0.05,0.1,0.1,0.0,0.05,0.0,0.05,0.0,9.7,39.475,84.2,160.725,204.1,510.3
0.0,0.05,0.05,0.0,0.0,0.0,0.05,0.0,9.7,39.475,84.2,160.725,204.1,510.3
0.1,0.05,0.0,0.1,0.1,0.0,0.05,0.0,9.7,39.475,84.2,160.725,204.1,510.3
0.1,0.05,0.05,0.1,0.0,0.0,0.0,0.0,9.7,39.475,84.2,160.725,204.1,510.3
0.05,0.05,0.0,0.0,0.05,0.1,0.05,0.0,9.7,39.475,84.2,160.725,204.1,510.3
0.05,0.1,0.05,0.05,0.0,0.1,0.1,0.0,9.7,39.475,84.2,160.725,204.1,510.3
0.0,0.1,0.0,0.05,0.0,0.05,0.1,0.0,9.7,39.475,84.2,160.725,204.1,510.3
0.1,0.1,0.0,0.1,0.05,0.0,0.05,0.0,9.7,39.475,84.2,160.725,204.1,510.3
0.0,0.1,0.1,0.1,0.0,0.0,0.05,0.0,9.7,39.475,84.2,160.725,204.1,510.3
0.05,0.1,0.0,0.1,0.0,0.0,0.0,0.0,9.7,39.475,84.2,160.725,204.1,510.3
0.05,0.0,0.1,0.1,0.05,0.1,0.0,0.0,9.7,39.475,84.2,160.725,204.1,510.3
0.05,0.0,0.05,0.0,0.0,0.05,0.1,0.0,9.7,39.475,84.2,160.725,204.1,510.3
0.0,0.0,0.0,0.1,0.0,0.1,0.0,0.0,9.7,39.475,84.2,160.725,204.1,510.3
0.0,0.1,0.0,0.0,0.0,0.05,0.0,0.0,9.7,39.475,84.2,160.725,204.1,510.3
0.0,0.1,0.1,0.0,0.0,0.1,0.1,0.0,9.7,39.475,84.2,160.725,204.1,510.3
0.0,0.1,0.05,0.0,0.1,0.0,0.1,0.0,9.7,39.475,84.2,160.725,204.1,510.3
0.05,0.1,0.05,0.05,0.0,0.05,0.1,0.0,9.7,39.475,84.2,160.725,204.1,510.3
0.0,0.05,0.1,0.0,0.0,0.05,0.1,0.0,9.7,39.475,84.2,160.725,204.1,510.3
0.05,0.1,0.1,0.1,0.1,0.0,0.1,0.0,9.7,39.475,84.2,160.725,204.1,510.3
0.0,0.1,0.05,0.1,0.1,0.0,0.05,0.0,9.7,39.475,84.2,160.725,204.1,510.3
0.05,0.1,0.05,0.1,0.1,0.05,0.05,0.0,9.7,39.475,84.2,160.725,204.1,510.3
0.05,0.05,0.1,0.0,0.0,0.0,0.0,0.0,9.7,39.475,84.2,160.725,204.1,510.3
0.0,0.0,0.1,0.0,0.0,0.05,0.0,0.0,9.7,39.475,84.2,160.725,204.1,510.3
0.05,0.05,0.1,0.0,0.0,0.05,0.0,0.0,9.7,39.475,84.2,160.725,204.1,510.3
0.1,0.0,0.1,0.1,0.0,0.1,0.0,0.0,9.7,39.475,84.2,160.725,204.1,510.3
0.1,0.05,0.05,0.05,0.0,0.1,0.1,0.0,9.7,39.475,84.2,160.725,204.1,510.3
0.05,0.05,0.1,0.05,0.0,0.1,0.05,0.0,9.7,39.475,84.2,160.725,204.1,510.3
0.05,0.05,0.1,0.1,0.0,0.1,0.0,0.0,9.7,39.475,84.2,160.725,204.1,510.3
0.1,0.05,0.1,0.1,0.0,0.1,0.0,0.0,9.7,39.475,84.2,160.725,204.1,510.3
0.05,0.1,0.0,0.0,0.0,0.0,0.1,0.0,9.7,39.475,84.2,160.725,204.1,510.3
0.05,0.05,0.0,0.1,0.1,0.0,0.05,0.0,9.7,39.475,84.2,160.725,204.1,510.3
0.1,0.0,0.0,0.0,0.05,0.0,0.05,0.0,9.7,39.475,84.2,160.725,204.1,510.3
0.0,0.05,0.0,0.0,0.0,0.1,0.05,0.0,9.7,39.475,84.2,160.725,204.1,510.3
0.1,0.05,0.1,0.1,0.1,0.1,0.05,0.0,9.7,39.475,84.2,160.725,204.1,510.3
0.0,0.1,0.05,0.05,0.05,0.05,0.0,0.0,9.7,39.475,84.2,160.725,204.1,510.3
0.0,0.1,0.0,0.05,0.1,0.0,0.1,0.0,9.7,39.475,84.2,160.725,204.1,510.3
0.0,0.1,0.0,0.1,0.05,0.0,0.05,0.0,9.7,39.475,84.2,160.725,204.1,510.3
0.0,0.05,0.0,0.05,0.05,0.05,0.1,0.0,9.7,39.475,84.2,160.725,204.1,510.3
0.0,0.05,0.0,0.1,0.05,0.0,0.05,0.0,9.7,39.475,84.2,160.725,204.1,510.3
0.05,0.05,0.05,0.1,0.1,0.05,0.05,0.0,9.7,39.475,84.2,160.725,204.1,510.3
0.0,0.05,0.0,0.1,0.1,0.05,0.0,0.0,9.7,39.475,84.2,160.725,204.1,510.3
0.05,0.05,0.0,0.0,0.0,0.05,0.0,0.0,9.7,39.475,84.2,160.725,204.1,510.3
0.0,0.1,0.05,0.0,0.0,0.05,0.0,0.0,9.7,39.475,84.2,160.725,204.1,510.3
0.0,0.1,0.05,0.0,0.05,0.05,0.1,0.0,9.7,39.475,84.2,160.725,204.1,510.3
0.1,0.0,0.0,0.0,0.05,0.0,0.0,0.0,9.7,39.475,84.2,160.725,204.1,510.3
0.1,0.0,0.05,0.0,0.05,0.0,0.05,0.0,9.7,39.475,84.2,160.725,204.1,510.3
0.05,0.1,0.1,0.0,0.0,0.0,0.0,0.0,9.7,39.475,84.2,160.725,204.1,510.3
0.05,0.1,0.05,0.0,0.0,0.0,0.1,0.0,9.7,39.475,84.2,160.725,204.1,510.3
0.0,0.05,0.0,0.0,0.0,0.0,0.05,0.0,9.7,39.475,84.2,160.725,204.1,510.3
0.1,0.0,0.0,0.0,0.05,0.05,0.0,0.0,9.7,39.475,84.2,160.725,204.1,510.3
0.05,0.0,0.0,0.0,0.05,0.05,0.05,0.0,9.7,39.475,84.2,160.725,204.1,510.3
0.0,0.1,0.0,0.05,0.0,0.0,0.1,0.0,9.7,39.475,84.2,160.725,204.1,510.3
0.0,0.1,0.1,0.05,0.1,0.05,0.1,0.0,9.7,39.475,84.2,160.725,204.1,510.3
0.0,0.1,0.1,0.05,0.1,0.0,0.1,0.0,9.7,39.475,84.2,160.725,204.1,510.3
0.05,0.0,0.1,0.0,0.05,0.0,0.05,0.0,9.7,39.475,84.2,160.725,204.1,510.3
0.1,0.0,0.0,0.0,0.05,0.05,0.0,0.0,9.7,39.475,84.2,160.725,204.1,510.3
0.1,0.0,0.0,0.0,0.0,0.05,0.0,0.0,9.7,39.475,84.2,160.725,204.1,510.3
0.0,0.1,0.05,0.1,0.0,0.1,0.0,0.0,9.7,39.475,84.2,160.725,204.1,510.3
0.05,0.0,0.0,0.05,0.05,0.1,0.0,0.0,9.7,39.475,84.2,160.725,204.1,510.3
0.1,0.0,0.0,0.1,0.05,0.1,0.0,0.0,9.7,39.475,84.2,160.725,204.1,510.3
0.1,0.0,0.0,0.0,0.0,0.05,0.1,0.0,9.7,39.475,84.2,160.725,204.1,510.3
0.0,0.15000000000000002,0.15000000000000002,0.15000000000000002,0.15000000000000002,0.0,0.15000000000000002,0.0,9.7,39.475,84.2,160.725,204.1,510.3
0.1,0.15000000000000002,0.15000000000000002,0.0,0.1,0.0,0.15000000000000002,0.0,9.7,39.475,84.2,160.725,204.1,510.3
0.0,0.05,0.15000000000000002,0.1,0.1,0.0,0.1,0.0,9.7,39.475,84.2,160.725,204.1,510.3
0.0,0.15000000000000002,0.1,0.15000000000000002,0.15000000000000002,0.0,0.05,0.0,9.7,39.475,84.2,160.725,204.1,510.3
0.05,0.15000000000000002,0.1,0.15000000000000002,0.15000000000000002,0.15000000000000002,0.0,0.0,9.7,39.475,84.2,160.725,204.1,510.3
0.05,0.0,0.15000000000000002,0.15000000000000002,0.15000000000000002,0.15000000000000002,0.0,0.0,9.7,39.475,84.2,160.725,204.1,510.3
0.05,0.05,0.05,0.0,0.15000000000000002,0.0,0.1,0.0,9.7,39.475,84.2,160.725,204.1,510.3
0.05,0.0,0.05,0.15000000000000002,0.0,0.0,0.1,0.0,9.7,39.475,84.2,160.725,204.1,510.3
0.15000000000000002,0.0,0.05,0.05,0.15000000000000002,0.0,0.1,0.0,9.7,39.475,84.2,160.725,204.1,510.3
0.1,0.15000000000000002,0.1,0.05,0.05,0.05,0.05,0.0,9.7,39.475,84.2,160.725,204.1,510.3
0.0,0.0,0.0,0.1,0.1,0.1,0.15000000000000002,0.0,9.7,39.475,84.2,160.725,204.1,510.3
0.1,0.15000000000000002,0.1,0.1,0.1,0.05,0.1,0.0,9.7,39.475,84.2,160.725,204.1,510.3
0.0,0.1,0.0,0.0,0.05,0.05,0.1,0.0,9.7,39.475,84.2,160.725,204.1,510.3
0.15000000000000002,0.0,0.1,0.15000000000000002,0.1,0.0,0.1,0.0,9.7,39.475,84.2,160.725,204.1,510.3
0.15000000000000002,0.1,0.1,0.15000000000000002,0.15000000000000002,0.1,0.05,0.0,9.7,39.475,84.2,160.725,204.1,510.3
0.05,0.0,0.1,0.05,0.15000000000000002,0.15000000000000002,0.05,0.0,9.7,39.475,84.2,160.725,204.1,510.3
0.05,0.05,0.15000000000000002,0.1,0.05,0.1,0.15000000000000002,0.0,9.7,39.475,84.2,160.725,204.1,510.3
0.05,0.15000000000000002,0.1,0.1,0.15000000000000002,0.1,0.0,0.0,9.7,39.475,84.2,160.725,204.1,510.3
0.05,0.0,0.15000000000000002,0.1,0.15000000000000002,0.1,0.15000000000000002,0.0,9.7,39.475,84.2,160.725,204.1,510.3
0.05,0.0,0.15000000000000002,0.1,0.15000000000000002,0.1,0.05,0.0,9.7,39.475,84.2,160.725,204.1,510.3
0.0,0.0,0.0,0.1,0.0,0.0,0.0,0.0,9.7,39.475,84.2,160.725,204.1,510.3
0.1,0.05,0.0,0.05,0.0,0.1,0.0,0.0,9.7,39.475,84.2,160.725,204.1,510.3
0.1,0.05,0.05,0.15000000000000002,0.05,0.1,0.0,0.0,9.7,39.475,84.2,160.725,204.1,510.3
0.15000000000000002,0.15000000000000002,0.1,0.1,0.15000000000000002,0.0,0.15000000000000002,0.0,9.7,39.475,84.2,160.725,204.1,510.3
0.1,0.1,0.1,0.1,0.0,0.05,0.15000000000000002,0.0,9.7,39.475,84.2,160.725,204.1,510.3
0.1,0.0,0.05,0.05,0.0,0.05,0.15000000000000002,0.0,9.7,39.475,84.2,160.725,204.1,510.3
0.15000000000000002,0.0,0.15000000000000002,0.1,0.0,0.05,0.1,0.0,9.7,39.475,84.2,160.725,204.1,510.3
0.1,0.15000000000000002,0.15000000000000002,0.1,0.1,0.0,0.15000000000000002,0.0,9.7,39.475,84.2,160.725,204.1,510.3
0.15000000000000002,0.05,0.15000000000000002,0.1,0.1,0.0,0.15000000000000002,0.0,9.7,39.475,84.2,160.725,204.1,510.3
0.15000000000000002,0.15000000000000002,0.15000000000000002,0.1,0.05,0.15000000000000002,0.15000000000000002,0.0,9.7,39.475,84.2,160.725,204.1,510.3
0.0,0.1,0.05,0.0,0.1,0.0,0.15000000000000002,0.0,9.7,39.475,84.2,160.725,204.1,510.3
0.15000000000000002,0.15000000000000002,0.05,0.0,0.0,0.0,0.0,0.0,9.7,39.475,84.2,160.725,204.1,510.3
0.05,0.05,0.0,0.05,0.1,0.0,0.15000000000000002,0.0,9.7,39.475,84.2,160.725,204.1,510.3
0.05,0.1,0.15000000000000002,0.15000000000000002,0.0,0.1,0.15000000000000002,0.0,9.7,39.475,84.2,160.725,204.1,510.3
0.05,0.15000000000000002,0.15000000000000002,0.05,0.1,0.1,0.05,0.0,9.7,39.475,84.2,160.725,204.1,510.3
0.05,0.15000000000000002,0.05,0.0,0.05,0.1,0.0,0.0,9.7,39.475,84.2,160.725,204.1,510.3
0.05,0.05,0.0,0.05,0.05,0.1,0.1,0.0,9.7,39.475,84.2,160.725,204.1,510.3
0.05,0.15000000000000002,0.1,0.05,0.05,0.15000000000000002,0.1,0.0,9.7,39.475,84.2,160.725,204.1,510.3
0.1,0.15000000000000002,0.15000000000000002,0.15000000000000002,0.15000000000000002,0.1,0.1,0.0,9.7,39.475,84.2,160.725,204.1,510.3
0.1,0.1,0.1,0.05,0.05,0.05,0.05,0.0,9.7,39.475,84.2,160.725,204.1,510.3
0.0,0.0,0.0,0.05,0.0,0.0,0.05,0.0,9.7,39.475,84.2,160.725,204.1,510.3
0.1,0.0,0.0,0.0,0.1,0.0,0.15000000000000002,0.0,9.7,39.475,84.2,160.725,204.1,510.3
0.1,0.15000000000000002,0.0,0.1,0.1,0.1,0.15000000000000002,0.0,9.7,39.475,84.2,160.725,204.1,510.3
0.05,0.15000000000000002,0.0,0.05,0.1,0.1,0.05,0.0,9.7,39.475,84.2,160.725,204.1,510.3
0.1,0.15000000000000002,0.05,0.1,0.0,0.1,0.15000000000000002,0.0,9.7,39.475,84.2,160.725,204.1,510.3
0.05,0.15000000000000002,0.15000000000000002,0.0,0.05,0.1,0.15000000000000002,0.0,9.7,39.475,84.2,160.725,204.1,510.3
0.0,0.15000000000000002,0.1,0.0,0.05,0.15000000000000002,0.05,0.0,9.7,39.475,84.2,160.725,204.1,510.3
0.0,0.15000000000000002,0.1,0.15000000000000002,0.1,0.1,0.0,0.0,9.7,39.475,84.2,160.725,204.1,510.3
0.05,0.05,0.15000000000000002,0.15000000000000002,0.15000000000000002,0.05,0.05,0.0,9.7,39.475,84.2,160.725,204.1,510.3
0.1,0.1,0.05,0.0,0.1,0.05,0.05,0.0,9.7,39.475,84.2,160.725,204.1,510.3
0.15000000000000002,0.0,0.0,0.0,0.0,0.15000000000000002,0.15000000000000002,0.0,9.7,39.475,84.2,160.725,204.1,510.3
0.0,0.05,0.1,0.05,0.0,0.15000000000000002,0.05,0.0,9.7,39.475,84.2,160.725,204.1,510.3
0.0,0.15000000000000002,0.15000000000000002,0.05,0.15000000000000002,0.1,0.05,0.0,9.7,39.475,84.2,160.725,204.1,510.3
0.05,0.05,0.1,0.05,0.1,0.05,0.0,0.0,9.7,39.475,84.2,160.725,204.1,510.3
0.15000000000000002,0.0,0.15000000000000002,0.1,0.15000000000000002,0.1,0.05,0.0,9.7,39.475,84.2,160.725,204.1,510.3
0.05,0.0,0.05,0.05,0.1,0.1,0.05,0.0,9.7,39.475,84.2,160.725,204.1,510.3
0.1,0.15000000000000002,0.1,0.05,0.05,0.0,0.1,0.0,9.7,39.475,84.2,160.725,204.1,510.3
0.15000000000000002,0.1,0.0,0.0,0.15000000000000002,0.0,0.15000000000000002,0.0,9.7,39.475,84.2,160.725,204.1,510.3
0.15000000000000002,0.05,0.0,0.0,0.1,0.0,0.15000000000000002,0.0,9.7,39.475,84.2,160.725,204.1,510.3
0.1,0.05,0.05,0.0,0.05,0.15000000000000002,0.1,0.0,9.7,39.475,84.2,160.725,204.1,510.3
0.0,0.1,0.15000000000000002,0.05,0.1,0.15000000000000002,0.1,0.0,9.7,39.475,84.2,160.725,204.1,510.3
0.0,0.05,0.15000000000000002,0.05,0.15000000000000002,0.0,0.15000000000000002,0.0,9.7,39.475,84.2,160.725,204.1,510.3
0.15000000000000002,0.1,0.05,0.05,0.1,0.05,0.15000000000000002,0.0,9.7,39.475,84.2,160.725,204.1,510.3
0.15000000000000002,0.05,0.05,0.1,0.0,0.05,0.05,0.0,9.7,39.475,84.2,160.725,204.1,510.3
0.0,0.05,0.05,0.15000000000000002,0.05,0.05,0.05,0.0,9.7,39.475,84.2,160.725,204.1,510.3
0.0,0.05,0.15000000000000002,0.05,0.15000000000000002,0.05,0.0,0.0,9.7,39.475,84.2,160.725,204.1,510.3
0.0,0.05,0.15000000000000002,0.0,0.05,0.15000000000000002,0.1,0.0,9.7,39.475,84.2,160.725,204.1,510.3
0.05,0.1,0.0,0.05,0.15000000000000002,0.15000000000000002,0.1,0.0,9.7,39.475,84.2,160.725,204.1,510.3
0.05,0.15000000000000002,0.0,0.1,0.05,0.15000000000000002,0.05,0.0,9.7,39.475,84.2,160.725,204.1,510.3
0.15000000000000002,0.1,0.0,0.0,0.1,0.15000000000000002,0.15000000000000002,0.0,9.7,39.475,84.2,160.725,204.1,510.3
0.05,0.0,0.0,0.0,0.15000000000000002,0.05,0.0,0.0,9.7,39.475,84.2,160.725,204.1,510.3
0.05,0.05,0.15000000000000002,0.15000000000000002,0.0,0.05,0.1,0.0,9.7,39.475,84.2,160.725,204.1,510.3
0.05,0.1,0.0,0.1,0.0,0.1,0.05,0.0,9.7,39.475,84.2,160.725,204.1,510.3
0.1,0.15000000000000002,0.15000000000000002,0.0,0.0,0.05,0.05,0.0,9.7,39.475,84.2,160.725,204.1,510.3
0.05,0.0,0.1,0.15000000000000002,0.15000000000000002,0.0,0.15000000000000002,0.0,9.7,39.475,84.2,160.725,204.1,510.3
0.1,0.1,0.0,0.15000000000000002,0.05,0.05,0.15000000000000002,0.0,9.7,39.475,84.2,160.725,204.1,510.3
0.1,0.15000000000000002,0.0,0.05,0.1,0.05,0.15000000000000002,0.0,9.7,39.475,84.2,160.725,204.1,510.3
0.15000000000000002,0.1,0.0,0.1,0.05,0.15000000000000002,0.05,0.0,9.7,39.475,84.2,160.725,204.1,510.3
0.15000000000000002,0.05,0.0,0.1,0.05,0.1,0.15000000000000002,0.0,9.7,39.475,84.2,160.725,204.1,510.3
0.0,0.1,0.15000000000000002,0.05,0.0,0.15000000000000002,0.1,0.0,9.7,39.475,84.2,160.725,204.1,510.3
0.15000000000000002,0.2,0.2,0.1,0.2,0.0,0.0,0.0,9.7,39.475,84.2,160.725,204.1,510.3
0.15000000000000002,0.2,0.0,0.15000000000000002,0.15000000000000002,0.15000000000000002,0.0,0.0,9.7,39.475,84.2,160.725,204.1,510.3
0.1,0.1,0.1,0.05,0.15000000000000002,0.0,0.2,0.0,9.7,39.475,84.2,160.725,204.1,510.3
0.05,0.2,0.0,0.05,0.15000000000000002,0.2,0.1,0.0,9.7,39.475,84.2,160.725,204.1,510.3
0.2,0.0,0.1,0.05,0.2,0.1,0.0,0.0,9.7,39.475,84.2,160.725,204.1,510.3
0.2,0.15000000000000002,0.2,0.05,0.15000000000000002,0.2,0.15000000000000002,0.0,9.7,39.475,84.2,160.725,204.1,510.3
0.2,0.15000000000000002,0.15000000000000002,0.05,0.1,0.15000000000000002,0.15000000000000002,0.0,9.7,39.475,84.2,160.725,204.1,510.3
0.15000000000000002,0.1,0.1,0.1,0.05,0.0,0.2,0.0,9.7,39.475,84.2,160.725,204.1,510.3
0.0,0.15000000000000002,0.05,0.0,0.05,0.1,0.05,0.0,9.7,39.475,84.2,160.725,204.1,510.3
0.0,0.2,0.05,0.2,0.2,0.15000000000000002,0.0,0.0,9.7,39.475,84.2,160.725,204.1,510.3
0.15000000000000002,0.0,0.2,0.2,0.05,0.05,0.05,0.0,9.7,39.475,84.2,160.725,204.1,510.3
0.15000000000000002,0.0,0.2,0.05,0.05,0.0,0.05,0.0,9.7,39.475,84.2,160.725,204.1,510.3
0.05,0.0,0.2,0.15000000000000002,0.0,0.2,0.05,0.0,9.7,39.475,84.2,160.725,204.1,510.3
0.0,0.0,0.15000000000000002,0.0,0.15000000000000002,0.1,0.2,0.0,9.7,39.475,84.2,160.725,204.1,510.3
0.0,0.2,0.15000000000000002,0.1,0.15000000000000002,0.0,0.15000000000000002,0.0,9.7,39.475,84.2,160.725,204.1,510.3
0.0,0.2,0.05,0.05,0.1,0.0,0.15000000000000002,0.0,9.7,39.475,84.2,160.725,204.1,510.3
0.0,0.15000000000000002,0.05,0.1,0.15000000000000002,0.1,0.1,0.0,9.7,39.475,84.2,160.725,204.1,510.3
0.0,0.2,0.2,0.15000000000000002,0.05,0.0,0.15000000000000002,0.0,9.7,39.475,84.2,160.725,204.1,510.3
0.2,0.2,0.0,0.0,0.05,0.0,0.0,0.0,9.7,39.475,84.2,160.725,204.1,510.3
0.2,0.1,0.05,0.2,0.1,0.0,0.1,0.0,9.7,39.475,84.2,160.725,204.1,510.3
0.15000000000000002,0.0,0.05,0.0,0.05,0.2,0.0,0.0,9.7,39.475,84.2,160.725,204.1,510.3
0.1,0.1,0.0,0.0,0.05,0.05,0.2,0.0,9.7,39.475,84.2,160.725,204.1,510.3
0.2,0.2,0.1,0.0,0.2,0.05,0.1,0.0,9.7,39.475,84.2,160.725,204.1,510.3
0.2,0.1,0.15000000000000002,0.0,0.15000000000000002,0.15000000000000002,0.2,0.0,9.7,39.475,84.2,160.725,204.1,510.3
0.05,0.05,0.2,0.0,0.15000000000000002,0.15000000000000002,0.2,0.0,9.7,39.475,84.2,160.725,204.1,510.3
0.1,0.1,0.0,0.05,0.05,0.2,0.2,0.0,9.7,39.475,84.2,160.725,204.1,510.3
0.0,0.2,0.2,0.05,0.0,0.0,0.1,0.0,9.7,39.475,84.2,160.725,204.1,510.3
0.1,0.1,0.05,0.05,0.05,0.05,0.2,0.0,9.7,39.475,84.2,160.725,204.1,510.3
0.1,0.1,0.15000000000000002,0.05,0.15000000000000002,0.2,0.05,0.0,9.7,39.475,84.2,160.725,204.1,510.3
0.05,0.15000000000000002,0.2,0.05,0.0,0.1,0.2,0.0,9.7,39.475,84.2,160.725,204.1,510.3
0.0,0.0,0.15000000000000002,0.05,0.0,0.15000000000000002,0.15000000000000002,0.0,9.7,39.475,84.2,160.725,204.1,510.3
0.1,0.0,0.05,0.05,0.0,0.15000000000000002,0.1,0.0,9.7,39.475,84.2,160.725,204.1,510.3
0.05,0.15000000000000002,0.05,0.05,0.2,0.05,0.05,0.0,9.7,39.475,84.2,160.725,204.1,510.3
0.05,0.1,0.05,0.0,0.1,0.15000000000000002,0.05,0.0,9.7,39.475,84.2,160.725,204.1,510.3
0.15000000000000002,0.05,0.0,0.15000000000000002,0.1,0.05,0.0,0.0,9.7,39.475,84.2,160.725,204.1,510.3
0.2,0.0,0.05,0.2,0.1,0.15000000000000002,0.0,0.0,9.7,39.475,84.2,160.725,204.1,510.3
0.2,0.2,0.15000000000000002,0.15000000000000002,0.15000000000000002,0.0,0.05,0.0,9.7,39.475,84.2,160.725,204.1,510.3
0.1,0.15000000000000002,0.15000000000000002,0.05,0.0,0.05,0.05,0.0,9.7,39.475,84.2,160.725,204.1,510.3
0.1,0.15000000000000002,0.2,0.15000000000000002,0.1,0.1,0.2,0.0,9.7,39.475,84.2,160.725,204.1,510.3
0.0,0.15000000000000002,0.1,0.15000000000000002,0.2,0.15000000000000002,0.0,0.0,9.7,39.475,84.2,160.725,204.1,510.3
0.2,0.0,0.2,0.05,0.2,0.1,0.0,0.0,9.7,39.475,84.2,160.725,204.1,510.3
0.1,0.15000000000000002,0.05,0.15000000000000002,0.1,0.2,0.0,0.0,9.7,39.475,84.2,160.725,204.1,510.3
0.05,0.15000000000000002,0.2,0.0,0.05,0.15000000000000002,0.05,0.0,9.7,39.475,84.2,160.725,204.1,510.3
0.0,0.2,0.0,0.0,0.1,0.15000000000000002,0.15000000000000002,0.0,9.7,39.475,84.2,160.725,204.1,510.3
0.2,0.0,0.15000000000000002,0.0,0.05,0.05,0.15000000000000002,0.0,9.7,39.475,84.2,160.725,204.1,510.3
0.2,0.0,0.2,0.15000000000000002,0.0,0.05,0.2,0.0,9.7,39.475,84.2,160.725,204.1,510.3
0.0,0.2,0.05,0.15000000000000002,0.0,0.1,0.15000000000000002,0.0,9.7,39.475,84.2,160.725,204.1,510.3
0.05,0.2,0.05,0.05,0.15000000000000002,0.2,0.05,0.0,9.7,39.475,84.2,160.725,204.1,510.3
0.15000000000000002,0.15000000000000002,0.2,0.15000000000000002,0.0,0.2,0.2,0.0,9.7,39.475,84.2,160.725,204.1,510.3
0.0,0.15000000000000002,0.15000000000000002,0.1,0.0,0.2,0.0,0.0,9.7,39.475,84.2,160.725,204.1,510.3
0.1,0.1,0.2,0.0,0.1,0.15000000000000002,0.0,0.0,9.7,39.475,84.2,160.725,204.1,510.3
0.2,0.2,0.0,0.05,0.2,0.2,0.0,0.0,9.7,39.475,84.2,160.725,204.1,510.3
0.1,0.2,0.0,0.2,0.1,0.2,0.05,0.0,9.7,39.475,84.2,160.725,204.1,510.3
0.05,0.2,0.15000000000000002,0.2,0.15000000000000002,0.15000000000000002,0.0,0.0,9.7,39.475,84.2,160.725,204.1,510.3
0.15000000000000002,0.05,0.2,0.15000000000000002,0.05,0.15000000000000002,0.0,0.0,9.7,39.475,84.2,160.725,204.1,510.3
0.2,0.0,0.05,0.0,0.05,0.2,0.2,0.0,9.7,39.475,84.2,160.725,204.1,510.3
0.2,0.1,0.1,0.2,0.0,0.2,0.0,0.0,9.7,39.475,84.2,160.725,204.1,510.3
0.15000000000000002,0.2,0.05,0.15000000000000002,0.05,0.2,0.0,0.0,9.7,39.475,84.2,160.725,204.1,510.3
0.05,0.0,0.05,0.15000000000000002,0.15000000000000002,0.2,0.1,0.0,9.7,39.475,84.2,160.725,204.1,510.3
0.05,0.05,0.0,0.05,0.15000000000000002,0.15000000000000002,0.2,0.0,9.7,39.475,84.2,160.725,204.1,510.3
0.0,0.0,0.0,0.0,0.05,0.05,0.0,0.0,9.7,39.475,84.2,160.725,204.1,510.3
0.0,0.0,0.15000000000000002,0.15000000000000002,0.2,0.15000000000000002,0.1,0.0,9.7,39.475,84.2,160.725,204.1,510.3
0.2,0.1,0.2,0.05,0.1,0.15000000000000002,0.1,0.0,9.7,39.475,84.2,160.725,204.1,510.3
0.1,0.1,0.15000000000000002,0.15000000000000002,0.1,0.15000000000000002,0.15000000000000002,0.0,9.7,39.475,84.2,160.725,204.1,510.3
0.05,0.1,0.15000000000000002,0.2,0.1,0.15000000000000002,0.0,0.0,9.7,39.475,84.2,160.725,204.1,510.3
0.2,0.15000000000000002,0.2,0.05,0.15000000000000002,0.15000000000000002,0.1,0.0,9.7,39.475,84.2,160.725,204.1,510.3
0.05,0.15000000000000002,0.2,0.15000000000000002,0.05,0.2,0.05,0.0,9.7,39.475,84.2,160.725,204.1,510.3
0.1,0.0,0.05,0.15000000000000002,0.05,0.05,0.05,0.0,9.7,39.475,84.2,160.725,204.1,510.3
0.1,0.0,0.0,0.2,0.0,0.2,0.2,0.0,9.7,39.475,84.2,160.725,204.1,510.3
0.05,0.0,0.05,0.1,0.05,0.0,0.2,0.0,9.7,39.475,84.2,160.725,204.1,510.3
0.0,0.0,0.2,0.05,0.2,0.1,0.0,0.0,9.7,39.475,84.2,160.725,204.1,510.3
0.15000000000000002,0.1,0.2,0.05,0.0,0.1,0.0,0.0,9.7,39.475,84.2,160.725,204.1,510.3
0.1,0.15000000000000002,0.1,0.2,0.0,0.1,0.05,0.0,9.7,39.475,84.2,160.725,204.1,510.3
0.15000000000000002,0.0,0.1,0.15000000000000002,0.0,0.2,0.0,0.0,9.7,39.475,84.2,160.725,204.1,510.3
0.15000000000000002,0.1,0.15000000000000002,0.0,0.0,0.2,0.0,0.0,9.7,39.475,84.2,160.725,204.1,510.3
0.15000000000000002,0.05,0.05,0.0,0.05,0.0,0.15000000000000002,0.0,9.7,39.475,84.2,160.725,204.1,510.3
0.15000000000000002,0.05,0.05,0.05,0.05,0.0,0.0,0.0,9.7,39.475,84.2,160.725,204.1,510.3
0.1,0.15000000000000002,0.0,0.05,0.1,0.2,0.15000000000000002,0.0,9.7,39.475,84.2,160.725,204.1,510.3
0.1,0.15000000000000002,0.05,0.2,0.1,0.2,0.0,0.0,9.7,39.475,84.2,160.725,204.1,510.3
0.1,0.05,0.0,0.2,0.1,0.1,0.2,0.0,9.7,39.475,84.2,160.725,204.1,510.3
0.15000000000000002,0.15000000000000002,0.2,0.05,0.1,0.1,0.0,0.0,9.7,39.475,84.2,160.725,204.1,510.3
0.15000000000000002,0.15000000000000002,0.2,0.05,0.1,0.05,0.05,0.0,9.7,39.475,84.2,160.725,204.1,510.3
0.1,0.0,0.0,0.2,0.0,0.1,0.0,0.0,9.7,39.475,84.2,160.725,204.1,510.3
0.1,0.2,0.0,0.05,0.0,0.15000000000000002,0.05,0.0,9.7,39.475,84.2,160.725,204.1,510.3
0.1,0.15000000000000002,0.0,0.05,0.1,0.15000000000000002,0.15000000000000002,0.0,9.7,39.475,84.2,160.725,204.1,510.3
0.1,0.05,0.15000000000000002,0.15000000000000002,0.1,0.2,0.15000000000000002,0.0,9.7,39.475,84.2,160.725,204.1,510.3
0.05,0.15000000000000002,0.1,0.2,0.1,0.2,0.05,0.0,9.7,39.475,84.2,160.725,204.1,510.3
0.0,0.15000000000000002,0.2,0.1,0.1,0.0,0.0,0.0,9.7,39.475,84.2,160.725,204.1,510.3
0.0,0.15000000000000002,0.15000000000000002,0.2,0.1,0.1,0.2,0.0,9.7,39.475,84.2,160.725,204.1,510.3
0.0,0.05,0.05,0.0,0.2,0.0,0.1,0.0,9.7,39.475,84.2,160.725,204.1,510.3
0.0,0.2,0.15000000000000002,0.0,0.0,0.0,0.0,0.0,9.7,39.475,84.2,160.725,204.1,510.3
0.0,0.2,0.15000000000000002,0.05,0.2,0.0,0.05,0.0,9.7,39.475,84.2,160.725,204.1,510.3
0.2,0.2,0.05,0.2,0.0,0.1,0.05,0.0,9.7,39.475,84.2,160.725,204.1,510.3
0.0,0.0,0.05,0.1,0.05,0.0,0.1,0.0,9.7,39.475,84.2,160.725,204.1,510.3
0.0,0.2,0.05,0.1,0.05,0.0,0.1,0.0,9.7,39.475,84.2,160.725,204.1,510.3
0.0,0.1,0.0,0.1,0.05,0.0,0.1,0.0,9.7,39.475,84.2,160.725,204.1,510.3
0.0,0.0,0.0,0.15000000000000002,0.1,0.2,0.0,0.0,9.7,39.475,84.2,160.725,204.1,510.3
0.0,0.05,0.0,0.2,0.0,0.2,0.0,0.0,9.7,39.475,84.2,160.725,204.1,510.3
0.2,0.05,0.0,0.2,0.0,0.05,0.15000000000000002,0.0,9.7,39.475,84.2,160.725,204.1,510.3
0.2,0.1,0.2,0.15000000000000002,0.1,0.1,0.15000000000000002,0.0,9.7,39.475,84.2,160.725,204.1,510.3
0.1,0.0,0.05,0.2,0.1,0.0,0.1,0.0,9.7,39.475,84.2,160.725,204.1,510.3
0.1,0.05,0.05,0.2,0.0,0.0,0.1,0.0,9.7,39.475,84.2,160.725,204.1,510.3
0.05,0.15000000000000002,0.05,0.2,0.05,0.15000000000000002,0.0,0.0,9.7,39.475,84.2,160.725,204.1,510.3
0.05,0.2,0.2,0.15000000000000002,0.05,0.2,0.15000000000000002,0.0,9.7,39.475,84.2,160.725,204.1,510.3
0.05,0.05,0.15000000000000002,0.05,0.0,0.0,0.15000000000000002,0.0,9.7,39.475,84.2,160.725,204.1,510.3
0.1,0.05,0.05,0.05,0.15000000000000002,0.2,0.1,0.0,9.7,39.475,84.2,160.725,204.1,510.3
0.15000000000000002,0.1,0.15000000000000002,0.15000000000000002,0.2,0.2,0.05,0.0,9.7,39.475,84.2,160.725,204.1,510.3
0.0,0.1,0.15000000000000002,0.1,0.2,0.2,0.05,0.0,9.7,39.475,84.2,160.725,204.1,510.3
0.15000000000000002,0.2,0.15000000000000002,0.2,0.2,0.2,0.2,0.0,9.7,39.475,84.2,160.725,204.1,510.3
0.15000000000000002,0.0,0.15000000000000002,0.15000000000000002,0.1,0.2,0.15000000000000002,0.0,9.7,39.475,84.2,160.725,204.1,510.3
0.1,0.2,0.2,0.05,0.1,0.0,0.2,0.0,9.7,39.475,84.2,160.725,204.1,510.3
0.05,0.05,0.0,0.05,0.2,0.15000000000000002,0.05,0.0,9.7,39.475,84.2,160.725,204.1,510.3
0.2,0.05,0.0,0.15000000000000002,0.2,0.15000000000000002,0.2,0.0,9.7,39.475,84.2,160.725,204.1,510.3
0.1,0.05,0.0,0.0,0.05,0.05,0.2,0.0,9.7,39.475,84.2,160.725,204.1,510.3
0.1,0.1,0.15000000000000002,0.0,0.2,0.15000000000000002,0.05,0.0,9.7,39.475,84.2,160.725,204.1,510.3
0.0,0.1,0.0,0.0,0.05,0.1,0.1,0.0,9.7,39.475,84.2,160.725,204.1,510.3
0.1,0.05,0.15000000000000002,0.0,0.0,0.1,0.0,0.0,9.7,39.475,84.2,160.725,204.1,510.3
0.1,0.05,0.15000000000000002,0.2,0.0,0.2,0.05,0.0,9.7,39.475,84.2,160.725,204.1,510.3
0.1,0.0,0.2,0.05,0.0,0.15000000000000002,0.2,0.0,9.7,39.475,84.2,160.725,204.1,510.3
0.0,0.15000000000000002,0.2,0.1,0.0,0.05,0.2,0.0,9.7,39.475,84.2,160.725,204.1,510.3
0.2,0.1,0.0,0.05,0.2,0.05,0.2,0.0,9.7,39.475,84.2,160.725,204.1,510.3
0.0,0.2,0.0,0.0,0.0,0.0,0.2,0.0,9.7,39.475,84.2,160.725,204.1,510.3
0.25,0.0,0.15000000000000002,0.0,0.0,0.25,0.1,0.0,9.7,39.475,84.2,160.725,204.1,510.3
0.2,0.0,0.15000000000000002,0.05,0.15000000000000002,0.0,0.2,0.0,9.7,39.475,84.2,160.725,204.1,510.3
0.15000000000000002,0.1,0.25,0.1,0.05,0.25,0.05,0.0,9.7,39.475,84.2,160.725,204.1,510.3
0.2,0.1,0.15000000000000002,0.05,0.1,0.25,0.05,0.0,9.7,39.475,84.2,160.725,204.1,510.3
0.2,0.0,0.2,0.0,0.1,0.1,0.2,0.0,9.7,39.475,84.2,160.725,204.1,510.3
0.2,0.25,0.0,0.15000000000000002,0.25,0.05,0.0,0.0,9.7,39.475,84.2,160.725,204.1,510.3
0.2,0.05,0.0,0.2,0.25,0.25,0.0,0.0,9.7,39.475,84.2,160.725,204.1,510.3
0.0,0.15000000000000002,0.0,0.1,0.15000000000000002,0.25,0.2,0.0,9.7,39.475,84.2,160.725,204.1,510.3
0.1,0.05,0.15000000000000002,0.15000000000000002,0.2,0.1,0.2,0.0,9.7,39.475,84.2,160.725,204.1,510.3
0.1,0.25,0.05,0.15000000000000002,0.05,0.2,0.05,0.0,9.7,39.475,84.2,160.725,204.1,510.3
0.0,0.15000000000000002,0.1,0.05,0.05,0.25,0.2,0.0,9.7,39.475,84.2,160.725,204.1,510.3
0.1,0.2,0.05,0.15000000000000002,0.15000000000000002,0.05,0.05,0.0,9.7,39.475,84.2,160.725,204.1,510.3
0.2,0.1,0.15000000000000002,0.15000000000000002,0.05,0.2,0.05,0.0,9.7,39.475,84.2,160.725,204.1,510.3
0.2,0.2,0.15000000000000002,0.2,0.0,0.2,0.1,0.0,9.7,39.475,84.2,160.725,204.1,510.3
0.25,0.05,0.1,0.0,0.2,0.05,0.2,0.0,9.7,39.475,84.2,160.725,204.1,510.3
0.05,0.1,0.0,0.25,0.0,0.05,0.05,0.0,9.7,39.475,84.2,160.725,204.1,510.3
0.0,0.25,0.0,0.1,0.0,0.15000000000000002,0.15000000000000002,0.0,9.7,39.475,84.2,160.725,204.1,510.3
0.2,0.0,0.25,0.1,0.1,0.0,0.05,0.0,9.7,39.475,84.2,160.725,204.1,510.3
0.05,0.25,0.15000000000000002,0.0,0.1,0.2,0.1,0.0,9.7,39.475,84.2,160.725,204.1,510.3
0.05,0.1,0.2,0.25,0.05,0.0,0.2,0.0,9.7,39.475,84.2,160.725,204.1,510.3
0.15000000000000002,0.2,0.15000000000000002,0.05,0.15000000000000002,0.0,0.05,0.0,9.7,39.475,84.2,160.725,204.1,510.3
0.1,0.2,0.2,0.2,0.25,0.25,0.05,0.0,9.7,39.475,84.2,160.725,204.1,510.3
0.2,0.1,0.0,0.15000000000000002,0.25,0.2,0.0,0.0,9.7,39.475,84.2,160.725,204.1,510.3
0.2,0.05,0.0,0.1,0.15000000000000002,0.15000000000000002,0.2,0.0,9.7,39.475,84.2,160.725,204.1,510.3
0.15000000000000002,0.2,0.15000000000000002,0.1,0.0,0.15000000000000002,0.25,0.0,9.7,39.475,84.2,160.725,204.1,510.3
0.05,0.2,0.05,0.25,0.15000000000000002,0.15000000000000002,0.2,0.0,9.7,39.475,84.2,160.725,204.1,510.3
0.05,0.15000000000000002,0.25,0.0,0.25,0.1,0.2,0.0,9.7,39.475,84.2,160.725,204.1,510.3
0.1,0.15000000000000002,0.1,0.25,0.25,0.2,0.25,0.0,9.7,39.475,84.2,160.725,204.1,510.3
0.0,0.15000000000000002,0.2,0.05,0.15000000000000002,0.05,0.25,0.0,9.7,39.475,84.2,160.725,204.1,510.3
0.05,0.05,0.2,0.2,0.0,0.25,0.05,0.0,9.7,39.475,84.2,160.725,204.1,510.3
0.2,0.2,0.05,0.05,0.05,0.25,0.1,0.0,9.7,39.475,84.2,160.725,204.1,510.3
0.2,0.2,0.1,0.25,0.15000000000000002,0.05,0.0,0.0,9.7,39.475,84.2,160.725,204.1,510.3
0.2,0.05,0.2,0.25,0.05,0.0,0.0,0.0,9.7,39.475,84.2,160.725,204.1,510.3
0.25,0.05,0.2,0.15000000000000002,0.2,0.0,0.0,0.0,9.7,39.475,84.2,160.725,204.1,510.3
0.2,0.15000000000000002,0.0,0.15000000000000002,0.05,0.05,0.15000000000000002,0.0,9.7,39.475,84.2,160.725,204.1,510.3
0.05,0.1,0.25,0.2,0.2,0.25,0.15000000000000002,0.0,9.7,39.475,84.2,160.725,204.1,510.3
0.25,0.0,0.2,0.2,0.05,0.25,0.15000000000000002,0.0,9.7,39.475,84.2,160.725,204.1,510.3
0.15000000000000002,0.1,0.15000000000000002,0.2,0.05,0.0,0.0,0.0,9.7,39.475,84.2,160.725,204.1,510.3
0.0,0.0,0.1,0.0,0.05,0.2,0.0,0.0,9.7,39.475,84.2,160.725,204.1,510.3
0.05,0.0,0.0,0.2,0.25,0.15000000000000002,0.25,0.0,9.7,39.475,84.2,160.725,204.1,510.3
0.15000000000000002,0.0,0.1,0.25,0.25,0.15000000000000002,0.1,0.0,9.7,39.475,84.2,160.725,204.1,510.3
0.15000000000000002,0.25,0.15000000000000002,0.25,0.1,0.0,0.15000000000000002,0.0,9.7,39.475,84.2,160.725,204.1,510.3
0.1,0.05,0.1,0.1,0.2,0.2,0.0,0.0,9.7,39.475,84.2,160.725,204.1,510.3
0.15000000000000002,0.2,0.15000000000000002,0.1,0.2,0.1,0.05,0.0,9.7,39.475,84.2,160.725,204.1,510.3
0.15000000000000002,0.2,0.15000000000000002,0.1,0.05,0.15000000000000002,0.15000000000000002,0.0,9.7,39.475,84.2,160.725,204.1,510.3
0.05,0.05,0.2,0.25,0.15000000000000002,0.15000000000000002,0.2,0.0,9.7,39.475,84.2,160.725,204.1,510.3
0.0,0.2,0.2,0.15000000000000002,0.2,0.2,0.1,0.0,9.7,39.475,84.2,160.725,204.1,510.3
0.2,0.25,0.0,0.15000000000000002,0.0,0.1,0.15000000000000002,0.0,9.7,39.475,84.2,160.725,204.1,510.3
0.05,0.2,0.0,0.0,0.0,0.2,0.2,0.0,9.7,39.475,84.2,160.725,204.1,510.3
0.25,0.15000000000000002,0.0,0.15000000000000002,0.2,0.25,0.1,0.0,9.7,39.475,84.2,160.725,204.1,510.3
0.1,0.25,0.1,0.2,0.2,0.0,0.05,0.0,9.7,39.475,84.2,160.725,204.1,510.3
0.15000000000000002,0.15000000000000002,0.1,0.0,0.05,0.25,0.05,0.0,9.7,39.475,84.2,160.725,204.1,510.3
0.15000000000000002,0.05,0.1,0.0,0.05,0.2,0.25,0.0,9.7,39.475,84.2,160.725,204.1,510.3
0.05,0.15000000000000002,0.25,0.05,0.25,0.1,0.0,0.0,9.7,39.475,84.2,160.725,204.1,510.3
0.1,0.15000000000000002,0.0,0.15000000000000002,0.0,0.1,0.0,0.0,9.7,39.475,84.2,160.725,204.1,510.3
0.0,0.05,0.25,0.15000000000000002,0.0,0.0,0.05,0.0,9.7,39.475,84.2,160.725,204.1,510.3
0.05,0.15000000000000002,0.25,0.0,0.25,0.0,0.05,0.0,9.7,39.475,84.2,160.725,204.1,510.3
0.0,0.15000000000000002,0.15000000000000002,0.05,0.25,0.1,0.1,0.0,9.7,39.475,84.2,160.725,204.1,510.3
0.1,0.15000000000000002,0.0,0.05,0.1,0.2,0.1,0.0,9.7,39.475,84.2,160.725,204.1,510.3
0.05,0.25,0.2,0.25,0.15000000000000002,0.1,0.2,0.0,9.7,39.475,84.2,160.725,204.1,510.3
0.0,0.1,0.0,0.05,0.25,0.15000000000000002,0.15000000000000002,0.0,9.7,39.475,84.2,160.725,204.1,510.3
0.0,0.15000000000000002,0.2,0.15000000000000002,0.0,0.1,0.1,0.0,9.7,39.475,84.2,160.725,204.1,510.3
0.05,0.15000000000000002,0.0,0.15000000000000002,0.2,0.1,0.25,0.0,9.7,39.475,84.2,160.725,204.1,510.3
0.05,0.15000000000000002,0.15000000000000002,0.1,0.0,0.15000000000000002,0.15000000000000002,0.0,9.7,39.475,84.2,160.725,204.1,510.3
0.25,0.25,0.1,0.1,0.25,0.05,0.15000000000000002,0.0,9.7,39.475,84.2,160.725,204.1,510.3
0.25,0.2,0.0,0.2,0.1,0.15000000000000002,0.2,0.0,9.7,39.475,84.2,160.725,204.1,510.3
0.15000000000000002,0.1,0.25,0.15000000000000002,0.1,0.05,0.2,0.0,9.7,39.475,84.2,160.725,204.1,510.3
0.15000000000000002,0.2,0.15000000000000002,0.1,0.25,0.25,0.25,0.0,9.7,39.475,84.2,160.725,204.1,510.3
0.25,0.15000000000000002,0.25,0.05,0.1,0.15000000000000002,0.1,0.0,9.7,39.475,84.2,160.725,204.1,510.3
0.2,0.1,0.1,0.25,0.25,0.25,0.25,0.0,9.7,39.475,84.2,160.725,204.1,510.3
0.25,0.15000000000000002,0.15000000000000002,0.0,0.2,0.2,0.2,0.0,9.7,39.475,84.2,160.725,204.1,510.3
0.05,0.2,0.05,0.05,0.1,0.0,0.2,0.0,9.7,39.475,84.2,160.725,204.1,510.3
0.0,0.2,0.05,0.05,0.05,0.05,0.15000000000000002,0.0,9.7,39.475,84.2,160.725,204.1,510.3
0.0,0.05,0.05,0.0,0.05,0.1,0.15000000000000002,0.0,9.7,39.475,84.2,160.725,204.1,510.3
0.0,0.15000000000000002,0.15000000000000002,0.05,0.15000000000000002,0.0,0.0,0.0,9.7,39.475,84.2,160.725,204.1,510.3
0.0,0.2,0.15000000000000002,0.25,0.2,0.2,0.0,0.0,9.7,39.475,84.2,160.725,204.1,510.3
0.0,0.2,0.15000000000000002,0.0,0.0,0.05,0.15000000000000002,0.0,9.7,39.475,84.2,160.725,204.1,510.3
0.15000000000000002,0.25,0.25,0.25,0.0,0.25,0.15000000000000002,0.0,9.7,39.475,84.2,160.725,204.1,510.3
0.25,0.2,0.15000000000000002,0.15000000000000002,0.1,0.0,0.1,0.0,9.7,39.475,84.2,160.725,204.1,510.3
0.25,0.2,0.1,0.1,0.2,0.05,0.25,0.0,9.7,39.475,84.2,160.725,204.1,510.3
0.1,0.15000000000000002,0.25,0.05,0.25,0.05,0.0,0.0,9.7,39.475,84.2,160.725,204.1,510.3
0.1,0.1,0.0,0.05,0.1,0.25,0.05,0.0,9.7,39.475,84.2,160.725,204.1,510.3
0.1,0.25,0.2,0.25,0.05,0.25,0.05,0.0,9.7,39.475,84.2,160.725,204.1,510.3
0.25,0.0,0.2,0.25,0.25,0.2,0.05,0.0,9.7,39.475,84.2,160.725,204.1,510.3
0.05,0.0,0.15000000000000002,0.15000000000000002,0.25,0.0,0.1,0.0,9.7,39.475,84.2,160.725,204.1,510.3
0.1,0.1,0.1,0.1,0.25,0.0,0.1,0.0,9.7,39.475,84.2,160.725,204.1,510.3
0.05,0.1,0.15000000000000002,0.1,0.2,0.0,0.1,0.0,9.7,39.475,84.2,160.725,204.1,510.3
0.15000000000000002,0.1,0.1,0.25,0.05,0.0,0.15000000000000002,0.0,9.7,39.475,84.2,160.725,204.1,510.3
0.0,0.15000000000000002,0.0,0.25,0.0,0.0,0.05,0.0,9.7,39.475,84.2,160.725,204.1,510.3
0.25,0.15000000000000002,0.05,0.15000000000000002,0.2,0.0,0.1,0.0,9.7,39.475,84.2,160.725,204.1,510.3
0.05,0.15000000000000002,0.1,0.05,0.05,0.1,0.1,0.0,9.7,39.475,84.2,160.725,204.1,510.3
0.2,0.05,0.15000000000000002,0.25,0.05,0.1,0.0,0.0,9.7,39.475,84.2,160.725,204.1,510.3
0.0,0.15000000000000002,0.15000000000000002,0.15000000000000002,0.0,0.15000000000000002,0.25,0.0,9.7,39.475,84.2,160.725,204.1,510.3
0.0,0.0,0.25,0.2,0.05,0.05,0.25,0.0,9.7,39.475,84.2,160.725,204.1,510.3
0.05,0.05,0.25,0.1,0.2,0.05,0.2,0.0,9.7,39.475,84.2,160.725,204.1,510.3
0.2,0.05,0.15000000000000002,0.1,0.0,0.1,0.1,0.0,9.7,39.475,84.2,160.725,204.1,510.3
0.1,0.0,0.0,0.0,0.1,0.1,0.2,0.0,9.7,39.475,84.2,160.725,204.1,510.3
0.05,0.15000000000000002,0.0,0.2,0.1,0.15000000000000002,0.1,0.0,9.7,39.475,84.2,160.725,204.1,510.3
0.1,0.05,0.1,0.25,0.15000000000000002,0.2,0.15000000000000002,0.0,9.7,39.475,84.2,160.725,204.1,510.3
0.05,0.2,0.15000000000000002,0.0,0.15000000000000002,0.05,0.1,0.0,9.7,39.475,84.2,160.725,204.1,510.3
0.2,0.25,0.0,0.1,0.0,0.05,0.2,0.0,9.7,39.475,84.2,160.725,204.1,510.3
0.05,0.05,0.1,0.2,0.2,0.05,0.1,0.0,9.7,39.475,84.2,160.725,204.1,510.3
0.05,0.25,0.05,0.0,0.2,0.05,0.1,0.0,9.7,39.475,84.2,160.725,204.1,510.3
0.1,0.25,0.05,0.2,0.15000000000000002,0.05,0.1,0.0,9.7,39.475,84.2,160.725,204.1,510.3
0.25,0.0,0.0,0.15000000000000002,0.2,0.0,0.1,0.0,9.7,39.475,84.2,160.725,204.1,510.3
0.1,0.2,0.1,0.15000000000000002,0.25,0.0,0.1,0.0,9.7,39.475,84.2,160.725,204.1,510.3
0.25,0.1,0.25,0.25,0.0,0.1,0.2,0.0,9.7,39.475,84.2,160.725,204.1,510.3
0.25,0.0,0.25,0.05,0.15000000000000002,0.2,0.25,0.0,9.7,39.475,84.2,160.725,204.1,510.3
0.25,0.1,0.0,0.05,0.05,0.2,0.25,0.0,9.7,39.475,84.2,160.725,204.1,510.3
0.25,0.2,0.0,0.0,0.1,0.0,0.1,0.0,9.7,39.475,84.2,160.725,204.1,510.3
0.2,0.2,0.1,0.15000000000000002,0.25,0.2,0.2,0.0,9.7,39.475,84.2,160.725,204.1,510.3
0.0,0.2,0.2,0.05,0.2,0.2,0.2,0.0,9.7,39.475,84.2,160.725,204.1,510.3
0.15000000000000002,0.2,0.0,0.0,0.25,0.05,0.0,0.0,9.7,39.475,84.2,160.725,204.1,510.3
0.05,0.1,0.15000000000000002,0.15000000000000002,0.15000000000000002,0.2,0.25,0.0,9.7,39.475,84.2,160.725,204.1,510.3
0.1,0.1,0.15000000000000002,0.05,0.1,0.1,0.05,0.0,9.7,39.475,84.2,160.725,204.1,510.3
0.0,0.05,0.15000000000000002,0.05,0.0,0.0,0.2,0.0,9.7,39.475,84.2,160.725,204.1,510.3
0.05,0.25,0.05,0.05,0.2,0.0,0.2,0.0,9.7,39.475,84.2,160.725,204.1,510.3
0.25,0.25,0.1,0.05,0.2,0.05,0.15000000000000002,0.0,9.7,39.475,84.2,160.725,204.1,510.3
0.25,0.1,0.0,0.0,0.2,0.0,0.0,0.0,9.7,39.475,84.2,160.725,204.1,510.3
0.30000000000000004,0.30000000000000004,0.05,0.05,0.15000000000000002,0.05,0.25,0.0,9.7,39.475,84.2,160.725,204.1,510.3
0.15000000000000002,0.30000000000000004,0.05,0.05,0.1,0.1,0.30000000000000004,0.0,9.7,39.475,84.2,160.725,204.1,510.3
0.0,0.1,0.30000000000000004,0.25,0.1,0.25,0.30000000000000004,0.0,9.7,39.475,84.2,160.725,204.1,510.3
0.1,0.30000000000000004,0.05,0.30000000000000004,0.1,0.15000000000000002,0.30000000000000004,0.0,9.7,39.475,84.2,160.725,204.1,510.3
0.1,0.30000000000000004,0.25,0.05,0.25,0.15000000000000002,0.25,0.0,9.7,39.475,84.2,160.725,204.1,510.3
0.2,0.30000000000000004,0.2,0.25,0.05,0.15000000000000002,0.25,0.0,9.7,39.475,84.2,160.725,204.1,510.3
0.0,0.1,0.2,0.05,0.05,0.30000000000000004,0.25,0.0,9.7,39.475,84.2,160.725,204.1,510.3
0.05,0.05,0.05,0.2,0.0,0.30000000000000004,0.0,0.0,9.7,39.475,84.2,160.725,204.1,510.3
0.2,0.1,0.15000000000000002,0.2,0.2,0.2,0.0,0.0,9.7,39.475,84.2,160.725,204.1,510.3
0.25,0.15000000000000002,0.2,0.25,0.2,0.0,0.0,0.0,9.7,39.475,84.2,160.725,204.1,510.3
0.25,0.30000000000000004,0.05,0.25,0.25,0.0,0.1,0.0,9.7,39.475,84.2,160.725,204.1,510.3
0.30000000000000004,0.15000000000000002,0.0,0.2,0.05,0.05,0.05,0.0,9.7,39.475,84.2,160.725,204.1,510.3
0.25,0.05,0.0,0.0,0.05,0.25,0.15000000000000002,0.0,9.7,39.475,84.2,160.725,204.1,510.3
0.2,0.30000000000000004,0.30000000000000004,0.15000000000000002,0.0,0.30000000000000004,0.15000000000000002,0.0,9.7,39.475,84.2,160.725,204.1,510.3
0.2,0.30000000000000004,0.2,0.0,0.1,0.25,0.05,0.0,9.7,39.475,84.2,160.725,204.1,510.3
0.30000000000000004,0.2,0.30000000000000004,0.05,0.25,0.0,0.2,0.0,9.7,39.475,84.2,160.725,204.1,510.3
0.0,0.0,0.05,0.05,0.25,0.2,0.0,0.0,9.7,39.475,84.2,160.725,204.1,510.3
0.1,0.25,0.30000000000000004,0.05,0.15000000000000002,0.2,0.0,0.0,9.7,39.475,84.2,160.725,204.1,510.3
0.05,0.25,0.30000000000000004,0.05,0.2,0.0,0.1,0.0,9.7,39.475,84.2,160.725,204.1,510.3
0.15000000000000002,0.1,0.25,0.15000000000000002,0.25,0.25,0.05,0.0,9.7,39.475,84.2,160.725,204.1,510.3
0.0,0.1,0.05,0.30000000000000004,0.30000000000000004,0.1,0.0,0.0,9.7,39.475,84.2,160.725,204.1,510.3
0.1,0.2,0.15000000000000002,0.30000000000000004,0.30000000000000004,0.05,0.05,0.0,9.7,39.475,84.2,160.725,204.1,510.3
0.15000000000000002,0.15000000000000002,0.15000000000000002,0.1,0.30000000000000004,0.30000000000000004,0.15000000000000002,0.0,9.7,39.475,84.2,160.725,204.1,510.3
0.1,0.15000000000000002,0.25,0.1,0.30000000000000004,0.1,0.2,0.0,9.7,39.475,84.2,160.725,204.1,510.3
0.05,0.0,0.15000000000000002,0.05,0.25,0.0,0.2,0.0,9.7,39.475,84.2,160.725,204.1,510.3
0.25,0.15000000000000002,0.15000000000000002,0.1,0.1,0.15000000000000002,0.0,0.0,9.7,39.475,84.2,160.725,204.1,510.3
0.25,0.25,0.15000000000000002,0.0,0.2,0.2,0.30000000000000004,0.0,9.7,39.475,84.2,160.725,204.1,510.3
0.25,0.25,0.1,0.0,0.2,0.05,0.30000000000000004,0.0,9.7,39.475,84.2,160.725,204.1,510.3
0.25,0.15000000000000002,0.2,0.05,0.2,0.15000000000000002,0.2,0.0,9.7,39.475,84.2,160.725,204.1,510.3
0.25,0.05,0.0,0.0,0.1,0.05,0.1,0.0,9.7,39.475,84.2,160.725,204.1,510.3
0.1,0.05,0.25,0.15000000000000002,0.0,0.05,0.1,0.0,9.7,39.475,84.2,160.725,204.1,510.3
0.30000000000000004,0.05,0.25,0.15000000000000002,0.30000000000000004,0.0,0.30000000000000004,0.0,9.7,39.475,84.2,160.725,204.1,510.3
0.0,0.15000000000000002,0.05,0.15000000000000002,0.15000000000000002,0.0,0.05,0.0,9.7,39.475,84.2,160.725,204.1,510.3
0.2,0.1,0.05,0.15000000000000002,0.05,0.15000000000000002,0.30000000000000004,0.0,9.7,39.475,84.2,160.725,204.1,510.3
0.25,0.25,0.05,0.30000000000000004,0.05,0.15000000000000002,0.05,0.0,9.7,39.475,84.2,160.725,204.1,510.3
0.2,0.2,0.25,0.30000000000000004,0.05,0.15000000000000002,0.0,0.0,9.7,39.475,84.2,160.725,204.1,510.3
0.2,0.2,0.2,0.25,0.25,0.30000000000000004,0.0,0.0,9.7,39.475,84.2,160.725,204.1,510.3
0.05,0.0,0.2,0.0,0.15000000000000002,0.15000000000000002,0.0,0.0,9.7,39.475,84.2,160.725,204.1,510.3
0.05,0.30000000000000004,0.2,0.1,0.1,0.0,0.15000000000000002,0.0,9.7,39.475,84.2,160.725,204.1,510.3
0.25,0.05,0.25,0.1,0.25,0.1,0.25,0.0,9.7,39.475,84.2,160.725,204.1,510.3
0.2,0.05,0.30000000000000004,0.15000000000000002,0.25,0.05,0.0,0.0,9.7,39.475,84.2,160.725,204.1,510.3
0.25,0.0,0.30000000000000004,0.15000000000000002,0.1,0.15000000000000002,0.0,0.0,9.7,39.475,84.2,160.725,204.1,510.3
0.25,0.0,0.30000000000000004,0.15000000000000002,0.05,0.15000000000000002,0.05,0.0,9.7,39.475,84.2,160.725,204.1,510.3
0.25,0.25,0.2,0.0,0.0,0.0,0.05,0.0,9.7,39.475,84.2,160.725,204.1,510.3
0.1,0.30000000000000004,0.05,0.0,0.25,0.0,0.05,0.0,9.7,39.475,84.2,160.725,204.1,510.3
0.1,0.05,0.0,0.05,0.15000000000000002,0.05,0.05,0.0,9.7,39.475,84.2,160.725,204.1,510.3
0.0,0.15000000000000002,0.2,0.15000000000000002,0.2,0.30000000000000004,0.15000000000000002,0.0,9.7,39.475,84.2,160.725,204.1,510.3
0.05,0.15000000000000002,0.1,0.0,0.05,0.0,0.0,0.0,9.7,39.475,84.2,160.725,204.1,510.3
0.30000000000000004,0.15000000000000002,0.0,0.25,0.1,0.0,0.0,0.0,9.7,39.475,84.2,160.725,204.1,510.3
0.05,0.30000000000000004,0.1,0.0,0.15000000000000002,0.0,0.05,0.0,9.7,39.475,84.2,160.725,204.1,510.3
0.15000000000000002,0.15000000000000002,0.2,0.2,0.30000000000000004,0.25,0.30000000000000004,0.0,9.7,39.475,84.2,160.725,204.1,510.3
0.2,0.05,0.2,0.30000000000000004,0.25,0.25,0.30000000000000004,0.0,9.7,39.475,84.2,160.725,204.1,510.3
0.30000000000000004,0.2,0.25,0.2,0.1,0.0,0.2,0.0,9.7,39.475,84.2,160.725,204.1,510.3
0.15000000000000002,0.2,0.15000000000000002,0.0,0.25,0.25,0.2,0.0,9.7,39.475,84.2,160.725,204.1,510.3
0.15000000000000002,0.15000000000000002,0.0,0.25,0.2,0.15000000000000002,0.25,0.0,9.7,39.475,84.2,160.725,204.1,510.3
0.25,0.25,0.15000000000000002,0.2,0.15000000000000002,0.30000000000000004,0.15000000000000002,0.0,9.7,39.475,84.2,160.725,204.1,510.3
0.05,0.30000000000000004,0.05,0.2,0.15000000000000002,0.30000000000000004,0.1,0.0,9.7,39.475,84.2,160.725,204.1,510.3
0.25,0.0,0.15000000000000002,0.1,0.1,0.25,0.1,0.0,9.7,39.475,84.2,160.725,204.1,510.3
0.30000000000000004,0.15000000000000002,0.2,0.25,0.15000000000000002,0.25,0.05,0.0,9.7,39.475,84.2,160.725,204.1,510.3
0.0,0.2,0.15000000000000002,0.0,0.1,0.25,0.0,0.0,9.7,39.475,84.2,160.725,204.1,510.3
0.05,0.2,0.25,0.0,0.0,0.30000000000000004,0.30000000000000004,0.0,9.7,39.475,84.2,160.725,204.1,510.3
0.2,0.30000000000000004,0.30000000000000004,0.30000000000000004,0.2,0.0,0.1,0.0,9.7,39.475,84.2,160.725,204.1,510.3
0.25,0.30000000000000004,0.05,0.0,0.25,0.30000000000000004,0.25,0.0,9.7,39.475,84.2,160.725,204.1,510.3
0.05,0.05,0.05,0.30000000000000004,0.0,0.25,0.30000000000000004,0.0,9.7,39.475,84.2,160.725,204.1,510.3
0.30000000000000004,0.15000000000000002,0.30000000000000004,0.2,0.2,0.0,0.30000000000000004,0.0,9.7,39.475,84.2,160.725,204.1,510.3
0.2,0.0,0.1,0.1,0.30000000000000004,0.05,0.30000000000000004,0.0,9.7,39.475,84.2,160.725,204.1,510.3
0.05,0.0,0.1,0.1,0.25,0.1,0.0,0.0,9.7,39.475,84.2,160.725,204.1,510.3
0.05,0.25,0.15000000000000002,0.1,0.2,0.15000000000000002,0.1,0.0,9.7,39.475,84.2,160.725,204.1,510.3
0.25,0.05,0.05,0.1,0.30000000000000004,0.15000000000000002,0.2,0.0,9.7,39.475,84.2,160.725,204.1,510.3
0.15000000000000002,0.0,0.2,0.05,0.1,0.1,0.30000000000000004,0.0,9.7,39.475,84.2,160.725,204.1,510.3
0.15000000000000002,0.30000000000000004,0.2,0.05,0.2,0.1,0.05,0.0,9.7,39.475,84.2,160.725,204.1,510.3
0.05,0.1,0.0,0.2,0.25,0.1,0.15000000000000002,0.0,9.7,39.475,84.2,160.725,204.1,510.3
0.15000000000000002,0.0,0.25,0.2,0.25,0.0,0.25,0.0,9.7,39.475,84.2,160.725,204.1,510.3
0.05,0.1,0.25,0.1,0.0,0.15000000000000002,0.30000000000000004,0.0,9.7,39.475,84.2,160.725,204.1,510.3
0.1,0.0,0.30000000000000004,0.2,0.15000000000000002,0.05,0.30000000000000004,0.0,9.7,39.475,84.2,160.725,204.1,510.3
0.30000000000000004,0.0,0.15000000000000002,0.2,0.1,0.0,0.2,0.0,9.7,39.475,84.2,160.725,204.1,510.3
0.1,0.1,0.05,0.25,0.25,0.2,0.25,0.0,9.7,39.475,84.2,160.725,204.1,510.3
0.05,0.0,0.1,0.05,0.05,0.30000000000000004,0.15000000000000002,0.0,9.7,39.475,84.2,160.725,204.1,510.3
0.05,0.30000000000000004,0.25,0.30000000000000004,0.0,0.15000000000000002,0.1,0.0,9.7,39.475,84.2,160.725,204.1,510.3
0.30000000000000004,0.15000000000000002,0.15000000000000002,0.35000000000000003,0.2,0.2,0.35000000000000003,0.0,9.7,39.475,84.2,160.725,204.1,510.3
0.35000000000000003,0.25,0.15000000000000002,0.1,0.0,0.0,0.2,0.0,9.7,39.475,84.2,160.725,204.1,510.3
0.1,0.05,0.25,0.1,0.30000000000000004,0.35000000000000003,0.25,0.0,9.7,39.475,84.2,160.725,204.1,510.3
0.30000000000000004,0.25,0.0,0.15000000000000002,0.05,0.1,0.0,0.0,9.7,39.475,84.2,160.725,204.1,510.3
0.1,0.05,0.1,0.25,0.05,0.1,0.0,0.0,9.7,39.475,84.2,160.725,204.1,510.3
0.1,0.05,0.1,0.30000000000000004,0.25,0.35000000000000003,0.35000000000000003,0.0,9.7,39.475,84.2,160.725,204.1,510.3
0.35000000000000003,0.15000000000000002,0.25,0.30000000000000004,0.0,0.0,0.35000000000000003,0.0,9.7,39.475,84.2,160.725,204.1,510.3
0.0,0.30000000000000004,0.30000000000000004,0.05,0.35000000000000003,0.35000000000000003,0.30000000000000004,0.0,9.7,39.475,84.2,160.725,204.1,510.3
0.0,0.2,0.1,0.05,0.1,0.15000000000000002,0.35000000000000003,0.0,9.7,39.475,84.2,160.725,204.1,510.3
0.2,0.05,0.2,0.05,0.1,0.1,0.35000000000000003,0.0,9.7,39.475,84.2,160.725,204.1,510.3
0.1,0.2,0.05,0.0,0.05,0.1,0.0,0.0,9.7,39.475,84.2,160.725,204.1,510.3
0.2,0.30000000000000004,0.35000000000000003,0.05,0.30000000000000004,0.1,0.15000000000000002,0.0,9.7,39.475,84.2,160.725,204.1,510.3
0.2,0.30000000000000004,0.2,0.1,0.30000000000000004,0.0,0.1,0.0,9.7,39.475,84.2,160.725,204.1,510.3
0.1,0.05,0.25,0.15000000000000002,0.15000000000000002,0.35000000000000003,0.1,0.0,9.7,39.475,84.2,160.725,204.1,510.3
0.1,0.2,0.25,0.25,0.35000000000000003,0.2,0.2,0.0,9.7,39.475,84.2,160.725,204.1,510.3
0.2,0.1,0.30000000000000004,0.25,0.0,0.15000000000000002,0.05,0.0,9.7,39.475,84.2,160.725,204.1,510.3
0.2,0.15000000000000002,0.25,0.25,0.15000000000000002,0.1,0.1,0.0,9.7,39.475,84.2,160.725,204.1,510.3
0.35000000000000003,0.15000000000000002,0.35000000000000003,0.30000000000000004,0.30000000000000004,0.25,0.05,0.0,9.7,39.475,84.2,160.725,204.1,510.3
0.25,0.15000000000000002,0.0,0.30000000000000004,0.30000000000000004,0.35000000000000003,0.05,0.0,9.7,39.475,84.2,160.725,204.1,510.3
0.25,0.30000000000000004,0.1,0.35000000000000003,0.2,0.30000000000000004,0.2,0.0,9.7,39.475,84.2,160.725,204.1,510.3
0.35000000000000003,0.0,0.25,0.2,0.1,0.35000000000000003,0.0,0.0,9.7,39.475,84.2,160.725,204.1,510.3
0.2,0.15000000000000002,0.35000000000000003,0.25,0.2,0.35000000000000003,0.15000000000000002,0.0,9.7,39.475,84.2,160.725,204.1,510.3
0.2,0.30000000000000004,0.1,0.25,0.1,0.35000000000000003,0.2,0.0,9.7,39.475,84.2,160.725,204.1,510.3
0.25,0.1,0.35000000000000003,0.25,0.25,0.15000000000000002,0.30000000000000004,0.0,9.7,39.475,84.2,160.725,204.1,510.3
0.25,0.1,0.15000000000000002,0.05,0.2,0.05,0.30000000000000004,0.0,9.7,39.475,84.2,160.725,204.1,510.3
0.0,0.15000000000000002,0.2,0.0,0.2,0.15000000000000002,0.05,0.0,9.7,39.475,84.2,160.725,204.1,510.3
0.0,0.15000000000000002,0.2,0.0,0.1,0.05,0.05,0.0,9.7,39.475,84.2,160.725,204.1,510.3
0.05,0.35000000000000003,0.0,0.30000000000000004,0.30000000000000004,0.05,0.05,0.0,9.7,39.475,84.2,160.725,204.1,510.3
0.0,0.15000000000000002,0.25,0.0,0.30000000000000004,0.25,0.05,0.0,9.7,39.475,84.2,160.725,204.1,510.3
0.15000000000000002,0.2,0.25,0.0,0.05,0.15000000000000002,0.0,0.0,9.7,39.475,84.2,160.725,204.1,510.3
0.30000000000000004,0.2,0.30000000000000004,0.25,0.25,0.05,0.25,0.0,9.7,39.475,84.2,160.725,204.1,510.3
0.05,0.1,0.30000000000000004,0.1,0.30000000000000004,0.0,0.25,0.0,9.7,39.475,84.2,160.725,204.1,510.3
0.05,0.25,0.1,0.0,0.05,0.2,0.1,0.0,9.7,39.475,84.2,160.725,204.1,510.3
0.30000000000000004,0.1,0.1,0.0,0.15000000000000002,0.0,0.2,0.0,9.7,39.475,84.2,160.725,204.1,510.3
0.1,0.35000000000000003,0.1,0.30000000000000004,0.25,0.25,0.35000000000000003,0.0,9.7,39.475,84.2,160.725,204.1,510.3
0.25,0.0,0.2,0.30000000000000004,0.15000000000000002,0.2,0.15000000000000002,0.0,9.7,39.475,84.2,160.725,204.1,510.3
0.30000000000000004,0.05,0.0,0.0,0.30000000000000004,0.2,0.2,0.0,9.7,39.475,84.2,160.725,204.1,510.3
0.30000000000000004,0.30000000000000004,0.30000000000000004,0.25,0.35000000000000003,0.2,0.35000000000000003,0.0,9.7,39.475,84.2,160.725,204.1,510.3
0.30000000000000004,0.30000000000000004,0.25,0.1,0.1,0.2,0.1,0.0,9.7,39.475,84.2,160.725,204.1,510.3
0.30000000000000004,0.05,0.2,0.0,0.15000000000000002,0.2,0.30000000000000004,0.0,9.7,39.475,84.2,160.725,204.1,510.3
0.5,0.9,0.9500000000000001,0.4,0.15000000000000002,0.0,0.45,0.0,9.7,39.475,84.2,160.725,204.1,510.3
0.6000000000000001,0.05,0.7000000000000001,0.5,0.35000000000000003,0.8500000000000001,0.05,0.0,9.7,39.475,84.2,160.725,204.1,510.3
0.1,0.15000000000000002,0.0,0.5,1.0,0.35000000000000003,0.8,0.0,9.7,39.475,84.2,160.725,204.1,510.3
0.15000000000000002,0.05,0.0,0.2,0.8,0.9,0.8500000000000001,0.0,9.7,39.475,84.2,160.725,204.1,510.3
0.7000000000000001,0.1,0.05,0.35000000000000003,0.25,0.7000000000000001,0.5,0.0,9.7,39.475,84.2,160.725,204.1,510.3
0.15000000000000002,0.45,0.6000000000000001,0.55,0.8,0.8,1.0,0.0,9.7,39.475,84.2,160.725,204.1,510.3
0.65,0.9500000000000001,0.5,0.05,0.9500000000000001,0.65,0.6000000000000001,0.0,9.7,39.475,84.2,160.725,204.1,510.3
0.30000000000000004,0.9500000000000001,0.5,0.6000000000000001,0.8,0.35000000000000003,0.75,0.0,9.7,39.475,84.2,160.725,204.1,510.3
0.8,0.2,0.9,0.35000000000000003,0.8,0.1,0.6000000000000001,0.0,9.7,39.475,84.2,160.725,204.1,510.3
0.2,0.75,0.15000000000000002,0.6000000000000001,0.55,0.75,0.1,0.0,9.7,39.475,84.2,160.725,204.1,510.3
0.15000000000000002,0.1,0.1,0.8500000000000001,0.35000000000000003,0.9,0.8,0.0,9.7,39.475,84.2,160.725,204.1,510.3
0.6000000000000001,0.25,0.7000000000000001,0.15000000000000002,0.30000000000000004,0.7000000000000001,0.45,0.0,9.7,39.475,84.2,160.725,204.1,510.3
0.2,0.4,0.7000000000000001,0.25,0.35000000000000003,0.75,0.35000000000000003,0.0,9.7,39.475,84.2,160.725,204.1,510.3
0.8,0.30000000000000004,0.2,0.5,0.25,0.8500000000000001,0.0,0.0,9.7,39.475,84.2,160.725,204.1,510.3
0.0,0.8500000000000001,0.45,0.8500000000000001,0.30000000000000004,0.8500000000000001,0.0,0.0,9.7,39.475,84.2,160.725,204.1,510.3
0.9,0.45,0.45,0.1,0.8,0.8500000000000001,0.5,0.0,9.7,39.475,84.2,160.725,204.1,510.3
0.9,0.2,0.35000000000000003,0.4,0.30000000000000004,0.65,0.0,0.0,9.7,39.475,84.2,160.725,204.1,510.3
0.75,0.45,0.6000000000000001,0.75,0.9,0.75,0.5,0.0,9.7,39.475,84.2,160.725,204.1,510.3
0.25,0.30000000000000004,0.05,0.55,1.0,0.4,0.9500000000000001,0.0,9.7,39.475,84.2,160.725,204.1,510.3
0.2,0.05,0.1,0.5,0.5,0.4,0.30000000000000004,0.0,9.7,39.475,84.2,160.725,204.1,510.3
0.7000000000000001,0.0,0.25,0.8500000000000001,0.9500000000000001,0.05,0.5,0.0,9.7,39.475,84.2,160.725,204.1,510.3
0.6000000000000001,1.0,0.25,0.65,0.15000000000000002,0.15000000000000002,0.45,0.0,9.7,39.475,84.2,160.725,204.1,510.3
0.15000000000000002,0.8500000000000001,0.9500000000000001,0.0,1.0,0.25,0.4,0.0,9.7,39.475,84.2,160.725,204.1,510.3
0.9500000000000001,0.65,0.9500000000000001,0.8500000000000001,0.45,0.9,0.65,0.0,9.7,39.475,84.2,160.725,204.1,510.3
0.05,0.35000000000000003,0.75,0.8500000000000001,0.7000000000000001,0.35000000000000003,1.0,0.0,9.7,39.475,84.2,160.725,204.1,510.3
0.05,0.2,0.8500000000000001,0.25,0.05,0.65,0.45,0.0,9.7,39.475,84.2,160.725,204.1,510.3
1.0,0.9500000000000001,0.9,0.75,0.65,0.6000000000000001,0.2,0.0,9.7,39.475,84.2,160.725,204.1,510.3
0.9,0.30000000000000004,0.4,0.75,0.6000000000000001,0.15000000000000002,0.2,0.0,9.7,39.475,84.2,160.725,204.1,510.3
0.0,0.0,0.9,0.75,0.25,0.55,0.0,0.0,9.7,39.475,84.2,160.725,204.1,510.3
0.25,0.2,0.8,0.9,0.15000000000000002,0.1,0.65,0.0,9.7,39.475,84.2,160.725,204.1,510.3
0.9500000000000001,0.8,0.45,0.2,0.30000000000000004,0.5,0.0,0.0,9.7,39.475,84.2,160.725,204.1,510.3
0.7000000000000001,0.35000000000000003,0.30000000000000004,0.9500000000000001,0.30000000000000004,0.9,0.55,0.0,9.7,39.475,84.2,160.725,204.1,510.3
0.9,1.0,0.9500000000000001,0.6000000000000001,0.4,0.7000000000000001,0.2,0.0,9.7,39.475,84.2,160.725,204.1,510.3
0.25,0.75,0.15000000000000002,0.5,0.7000000000000001,0.6000000000000001,0.1,0.0,9.7,39.475,84.2,160.725,204.1,510.3
0.7000000000000001,0.1,0.9,0.9,0.35000000000000003,0.6000000000000001,0.55,0.0,9.7,39.475,84.2,160.725,204.1,510.3
0.7000000000000001,0.65,0.15000000000000002,0.15000000000000002,0.7000000000000001,0.65,0.75,0.0,9.7,39.475,84.2,160.725,204.1,510.3
0.8500000000000001,0.6000000000000001,0.15000000000000002,0.25,0.55,0.9500000000000001,0.5,0.0,9.7,39.475,84.2,160.725,204.1,510.3
0.6000000000000001,0.35000000000000003,0.65,1.0,0.2,0.1,0.15000000000000002,0.0,9.7,39.475,84.2,160.725,204.1,510.3
0.7000000000000001,0.9,0.8,0.2,0.75,0.8500000000000001,0.30000000000000004,0.0,9.7,39.475,84.2,160.725,204.1,510.3
0.9,0.05,0.05,0.2,0.25,0.35000000000000003,0.30000000000000004,0.0,9.7,39.475,84.2,160.725,204.1,510.3
